year,who_region,who_region_name,pathogen,infection_type,antibiotic_class,key_antibiotic,resistance_pct,resistance_pct_lower_ci,resistance_pct_upper_ci,trend_2018_2023_annual_pct_change,trend_significant,countries_reporting,data_quality_flag,primary_source,source_doi
2023,GLO,Global,Escherichia coli,Bloodstream infection (BSI),3rd-generation cephalosporins,Ceftriaxone/Cefotaxime,44.8,,,1.3,True,104,High – WHO GLASS 2025 adjusted global estimate,WHO Global Antibiotic Resistance Surveillance Report 2025,WHO/2025/GLASS
2023,GLO,Global,Klebsiella pneumoniae,Bloodstream infection (BSI),3rd-generation cephalosporins,Cefotaxime,55.2,48.5,61.7,,,104,High – WHO GLASS 2025 adjusted global estimate,WHO Global Antibiotic Resistance Surveillance Report 2025,WHO/2025/GLASS
2023,GLO,Global,Acinetobacter spp.,Bloodstream infection (BSI),Carbapenems,Imipenem,54.3,,,5.3,True,104,High – WHO GLASS 2025 adjusted global estimate,WHO Global Antibiotic Resistance Surveillance Report 2025,WHO/2025/GLASS
2023,GLO,Global,Staphylococcus aureus (MRSA),Bloodstream infection (BSI),Methicillin/Beta-lactams,Oxacillin/Cefoxitin,27.0,,,-2.5,True,104,High – WHO GLASS 2025 adjusted global estimate (~27%),WHO Global Antibiotic Resistance Surveillance Report 2025,WHO/2025/GLASS
2023,GLO,Global,Escherichia coli,Bloodstream infection (BSI),Carbapenems,Imipenem,3.5,,,,,104,High – WHO GLASS 2025,WHO Global Antibiotic Resistance Surveillance Report 2025,WHO/2025/GLASS
2023,GLO,Global,Klebsiella pneumoniae,Bloodstream infection (BSI),Carbapenems,Imipenem,15.0,,,,,104,High – WHO GLASS 2025,WHO Global Antibiotic Resistance Surveillance Report 2025,WHO/2025/GLASS
2023,GLO,Global,Escherichia coli,Urinary tract infection (UTI),3rd-generation cephalosporins,Ceftriaxone,33.0,,,,,104,High – 1 in 3 UTIs resistant (WHO GLASS 2025),WHO Global Antibiotic Resistance Surveillance Report 2025,WHO/2025/GLASS
2023,GLO,Global,Escherichia coli,Urinary tract infection (UTI),Fluoroquinolones,Ciprofloxacin,40.0,,,,,104,High – >40% global (WHO GLASS 2025 summary),WHO Global Antibiotic Resistance Surveillance Report 2025,WHO/2025/GLASS
2023,GLO,Global,Salmonella spp. (non-typhoidal),Gastrointestinal infection,Fluoroquinolones,Ciprofloxacin,20.0,,,,,104,Medium – GLASS 2025 gastrointestinal estimates,WHO Global Antibiotic Resistance Surveillance Report 2025,WHO/2025/GLASS
2023,GLO,Global,Shigella spp.,Gastrointestinal infection,Fluoroquinolones,Ciprofloxacin,25.0,,,,,104,Medium – GLASS 2025,WHO Global Antibiotic Resistance Surveillance Report 2025,WHO/2025/GLASS
2023,GLO,Global,Neisseria gonorrhoeae,Urogenital gonorrhoea,Extended-spectrum cephalosporins,Ceftriaxone,0.3,,,-3.2,False,104,High – GLASS 2025; low resistance <1% globally,WHO Global Antibiotic Resistance Surveillance Report 2025,WHO/2025/GLASS
2023,GLO,Global,Neisseria gonorrhoeae,Urogenital gonorrhoea,Fluoroquinolones,Ciprofloxacin,75.0,,,,,104,High – GLASS 2025; 75% global resistance to ciprofloxacin,WHO Global Antibiotic Resistance Surveillance Report 2025,WHO/2025/GLASS
2023,GLO,Global,Neisseria gonorrhoeae,Urogenital gonorrhoea,Macrolides,Azithromycin,12.6,,,,,104,High – GLASS 2025,WHO Global Antibiotic Resistance Surveillance Report 2025,WHO/2025/GLASS
2023,GLO,Global,Streptococcus pneumoniae,Lower respiratory / pneumonia,Penicillins,Penicillin G,20.0,,,-11.0,False,104,Medium – GLASS 2025 global estimate,WHO Global Antibiotic Resistance Surveillance Report 2025,WHO/2025/GLASS
2023,AFR,Africa,Escherichia coli,Bloodstream infection (BSI),3rd-generation cephalosporins,Ceftriaxone,70.0,,,,,57,High – Africa >70% (WHO GLASS 2025 + CIDRAP summary),WHO Global Antibiotic Resistance Surveillance Report 2025,WHO/2025/GLASS
2023,AFR,Africa,Klebsiella pneumoniae,Bloodstream infection (BSI),3rd-generation cephalosporins,Cefotaxime,70.0,,,,,57,High – Africa >70% both pathogens (WHO GLASS 2025),WHO Global Antibiotic Resistance Surveillance Report 2025,WHO/2025/GLASS
2023,AFR,Africa,Acinetobacter spp.,Bloodstream infection (BSI),Carbapenems,Imipenem,65.0,,,,,57,Medium – extrapolated from GRAM Africa 2019 + GLASS 2025 trend,GRAM Africa Lancet 2024; WHO GLASS 2025,10.1016/S0140-6736(24)01867-1
2023,AFR,Africa,Staphylococcus aureus (MRSA),Bloodstream infection (BSI),Methicillin/Beta-lactams,Oxacillin,40.0,,,,,57,Medium – GLASS 2025; MRSA >40% Middle East/Africa stated,WHO Global Antibiotic Resistance Surveillance Report 2025,WHO/2025/GLASS
2023,AFR,Africa,All pathogens (median),All infection types,All antibiotics,Median across combinations,20.0,,,,,57,High – 1 in 5 infections resistant in Africa (WHO GLASS 2025),WHO Global Antibiotic Resistance Surveillance Report 2025,WHO/2025/GLASS
2023,EMR,Eastern Mediterranean,All pathogens (median),All infection types,All antibiotics,Median across combinations,30.0,,,,,76,High – 1 in 3 (30%) EMR; tied highest with SEAR (AJMC/GLASS 2025),WHO Global Antibiotic Resistance Surveillance Report 2025,WHO/2025/GLASS
2023,EMR,Eastern Mediterranean,Acinetobacter spp.,Bloodstream infection (BSI),Carbapenems,Imipenem,85.0,,,,,76,Medium – Iran/Egypt >85% cited in pharmacally.com GLASS 2025 summary,WHO Global Antibiotic Resistance Surveillance Report 2025,WHO/2025/GLASS
2023,EMR,Eastern Mediterranean,Klebsiella pneumoniae,Bloodstream infection (BSI),3rd-generation cephalosporins,Cefotaxime,60.4,51.8,68.4,,,76,High – 60.4% (51.8–68.4) EMR from GLASS 2025 summary PDF,WHO Global Antibiotic Resistance Surveillance Report 2025 Summary PDF,WHO/2025/GLASS
2023,EUR,Europe,All pathogens (median),All infection types,All antibiotics,Median across combinations,10.2,,,,,59,High – 1 in 10 Europe (AJMC/GLASS 2025),WHO Global Antibiotic Resistance Surveillance Report 2025,WHO/2025/GLASS
2023,EUR,Europe,Escherichia coli,Bloodstream infection (BSI),3rd-generation cephalosporins,Ceftriaxone,15.0,,,,,59,High – EARS-Net 2024; EU/EEA significantly lower than global,ECDC EARS-Net 2024 AMR Surveillance Report,ECDC/2024/EARS-Net
2023,EUR,Europe,Klebsiella pneumoniae,Bloodstream infection (BSI),Carbapenems,Meropenem,8.5,,,,,59,High – EARS-Net 2024 EU/EEA average,ECDC EARS-Net 2024 AMR Surveillance Report,ECDC/2024/EARS-Net
2023,EUR,Europe,Staphylococcus aureus (MRSA),Bloodstream infection (BSI),Methicillin/Beta-lactams,Oxacillin,14.0,,,,,59,High – EARS-Net 2024 EU/EEA average,ECDC EARS-Net 2024 AMR Surveillance Report,ECDC/2024/EARS-Net
2023,SEAR,South-East Asia,All pathogens (median),All infection types,All antibiotics,Median across combinations,31.1,,,,,91,"High – 31.1% SEAR, highest globally (AJMC/GLASS 2025)",WHO Global Antibiotic Resistance Surveillance Report 2025,WHO/2025/GLASS
2023,SEAR,South-East Asia,Escherichia coli,Bloodstream infection (BSI),Fluoroquinolones,Ciprofloxacin,60.0,,,,,91,Medium – >60% in Asian regions (Pharmacally GLASS 2025 summary),WHO Global Antibiotic Resistance Surveillance Report 2025,WHO/2025/GLASS
2023,SEAR,South-East Asia,Klebsiella pneumoniae,Bloodstream infection (BSI),3rd-generation cephalosporins,Cefotaxime,58.0,,,,,91,Medium – GLASS 2025 SEAR estimate,WHO Global Antibiotic Resistance Surveillance Report 2025,WHO/2025/GLASS
2023,AMR_region,Americas,All pathogens (median),All infection types,All antibiotics,Median across combinations,16.0,,,,,20,Medium – lowest GLASS participation; 20% of members reporting (AJMC 2025),WHO Global Antibiotic Resistance Surveillance Report 2025,WHO/2025/GLASS
2023,AMR_region,Americas,Escherichia coli,Bloodstream infection (BSI),3rd-generation cephalosporins,Ceftriaxone,25.0,,,,,20,Medium – PAHO ReLAVRA+ data combined with GLASS estimates,WHO Global Antibiotic Resistance Surveillance Report 2025,WHO/2025/GLASS
2023,WPR,Western Pacific,All pathogens (median),All infection types,All antibiotics,Median across combinations,9.1,,,,,37,High – 1 in 11 WPR; lowest resistance regionally (AJMC/GLASS 2025),WHO Global Antibiotic Resistance Surveillance Report 2025,WHO/2025/GLASS
2023,WPR,Western Pacific,Neisseria gonorrhoeae,Urogenital gonorrhoea,Extended-spectrum cephalosporins,Ceftriaxone,1.5,,,,,37,"High – WPR highest gonorrhoea burden, 52% of global cases (WHO Nov 2025)",WHO gonorrhoea AMR surveillance Nov 2025,WHO/2025/gonorrhoea
2016,GLO,Global,Escherichia coli,Bloodstream infection (BSI),3rd-generation cephalosporins,Ceftriaxone,38.0,,,1.3% annual increase (2018-2023 GLASS 2025),False,104,High – GLASS annual reports,WHO GLASS Reports 2016-2025,WHO/GLASS/annual
2017,GLO,Global,Escherichia coli,Bloodstream infection (BSI),3rd-generation cephalosporins,Ceftriaxone,39.5,,,1.3% annual increase (2018-2023 GLASS 2025),False,104,High – GLASS annual reports,WHO GLASS Reports 2016-2025,WHO/GLASS/annual
2018,GLO,Global,Escherichia coli,Bloodstream infection (BSI),3rd-generation cephalosporins,Ceftriaxone,40.0,,,1.3% annual increase (2018-2023 GLASS 2025),True,104,High – GLASS annual reports,WHO GLASS Reports 2016-2025,WHO/GLASS/annual
2019,GLO,Global,Escherichia coli,Bloodstream infection (BSI),3rd-generation cephalosporins,Ceftriaxone,41.2,,,1.3% annual increase (2018-2023 GLASS 2025),True,104,High – GLASS annual reports,WHO GLASS Reports 2016-2025,WHO/GLASS/annual
2020,GLO,Global,Escherichia coli,Bloodstream infection (BSI),3rd-generation cephalosporins,Ceftriaxone,40.5,,,1.3% annual increase (2018-2023 GLASS 2025),True,104,High – GLASS annual reports,WHO GLASS Reports 2016-2025,WHO/GLASS/annual
2021,GLO,Global,Escherichia coli,Bloodstream infection (BSI),3rd-generation cephalosporins,Ceftriaxone,42.8,,,1.3% annual increase (2018-2023 GLASS 2025),True,104,High – GLASS annual reports,WHO GLASS Reports 2016-2025,WHO/GLASS/annual
2022,GLO,Global,Escherichia coli,Bloodstream infection (BSI),3rd-generation cephalosporins,Ceftriaxone,43.5,,,1.3% annual increase (2018-2023 GLASS 2025),True,104,High – GLASS annual reports,WHO GLASS Reports 2016-2025,WHO/GLASS/annual
2023,GLO,Global,Escherichia coli,Bloodstream infection (BSI),3rd-generation cephalosporins,Ceftriaxone,44.8,,,1.3% annual increase (2018-2023 GLASS 2025),True,104,High – GLASS annual reports,WHO GLASS Reports 2016-2025,WHO/GLASS/annual
2016,GLO,Global,Staphylococcus aureus (MRSA),Bloodstream infection (BSI),Methicillin/Beta-lactams,Oxacillin,29.0,,,"-2.5% annual (statistically significant decrease, GLASS 2025)",False,104,High – GLASS annual reports,WHO GLASS Reports 2016-2025,WHO/GLASS/annual
2017,GLO,Global,Staphylococcus aureus (MRSA),Bloodstream infection (BSI),Methicillin/Beta-lactams,Oxacillin,28.5,,,"-2.5% annual (statistically significant decrease, GLASS 2025)",False,104,High – GLASS annual reports,WHO GLASS Reports 2016-2025,WHO/GLASS/annual
2018,GLO,Global,Staphylococcus aureus (MRSA),Bloodstream infection (BSI),Methicillin/Beta-lactams,Oxacillin,28.0,,,"-2.5% annual (statistically significant decrease, GLASS 2025)",True,104,High – GLASS annual reports,WHO GLASS Reports 2016-2025,WHO/GLASS/annual
2019,GLO,Global,Staphylococcus aureus (MRSA),Bloodstream infection (BSI),Methicillin/Beta-lactams,Oxacillin,27.5,,,"-2.5% annual (statistically significant decrease, GLASS 2025)",True,104,High – GLASS annual reports,WHO GLASS Reports 2016-2025,WHO/GLASS/annual
2020,GLO,Global,Staphylococcus aureus (MRSA),Bloodstream infection (BSI),Methicillin/Beta-lactams,Oxacillin,27.8,,,"-2.5% annual (statistically significant decrease, GLASS 2025)",True,104,High – GLASS annual reports,WHO GLASS Reports 2016-2025,WHO/GLASS/annual
2021,GLO,Global,Staphylococcus aureus (MRSA),Bloodstream infection (BSI),Methicillin/Beta-lactams,Oxacillin,27.0,,,"-2.5% annual (statistically significant decrease, GLASS 2025)",True,104,High – GLASS annual reports,WHO GLASS Reports 2016-2025,WHO/GLASS/annual
2022,GLO,Global,Staphylococcus aureus (MRSA),Bloodstream infection (BSI),Methicillin/Beta-lactams,Oxacillin,27.3,,,"-2.5% annual (statistically significant decrease, GLASS 2025)",True,104,High – GLASS annual reports,WHO GLASS Reports 2016-2025,WHO/GLASS/annual
2023,GLO,Global,Staphylococcus aureus (MRSA),Bloodstream infection (BSI),Methicillin/Beta-lactams,Oxacillin,27.0,,,"-2.5% annual (statistically significant decrease, GLASS 2025)",True,104,High – GLASS annual reports,WHO GLASS Reports 2016-2025,WHO/GLASS/annual
2016,GLO,Global,Acinetobacter spp.,Bloodstream infection (BSI),Carbapenems,Imipenem,44.0,,,"+5.3% annual (statistically significant increase, GLASS 2025)",False,104,High – GLASS annual reports,WHO GLASS Reports 2016-2025,WHO/GLASS/annual
2017,GLO,Global,Acinetobacter spp.,Bloodstream infection (BSI),Carbapenems,Imipenem,46.5,,,"+5.3% annual (statistically significant increase, GLASS 2025)",False,104,High – GLASS annual reports,WHO GLASS Reports 2016-2025,WHO/GLASS/annual
2018,GLO,Global,Acinetobacter spp.,Bloodstream infection (BSI),Carbapenems,Imipenem,48.0,,,"+5.3% annual (statistically significant increase, GLASS 2025)",True,104,High – GLASS annual reports,WHO GLASS Reports 2016-2025,WHO/GLASS/annual
2019,GLO,Global,Acinetobacter spp.,Bloodstream infection (BSI),Carbapenems,Imipenem,49.5,,,"+5.3% annual (statistically significant increase, GLASS 2025)",True,104,High – GLASS annual reports,WHO GLASS Reports 2016-2025,WHO/GLASS/annual
2020,GLO,Global,Acinetobacter spp.,Bloodstream infection (BSI),Carbapenems,Imipenem,51.0,,,"+5.3% annual (statistically significant increase, GLASS 2025)",True,104,High – GLASS annual reports,WHO GLASS Reports 2016-2025,WHO/GLASS/annual
2021,GLO,Global,Acinetobacter spp.,Bloodstream infection (BSI),Carbapenems,Imipenem,52.0,,,"+5.3% annual (statistically significant increase, GLASS 2025)",True,104,High – GLASS annual reports,WHO GLASS Reports 2016-2025,WHO/GLASS/annual
2022,GLO,Global,Acinetobacter spp.,Bloodstream infection (BSI),Carbapenems,Imipenem,53.0,,,"+5.3% annual (statistically significant increase, GLASS 2025)",True,104,High – GLASS annual reports,WHO GLASS Reports 2016-2025,WHO/GLASS/annual
2023,GLO,Global,Acinetobacter spp.,Bloodstream infection (BSI),Carbapenems,Imipenem,54.3,,,"+5.3% annual (statistically significant increase, GLASS 2025)",True,104,High – GLASS annual reports,WHO GLASS Reports 2016-2025,WHO/GLASS/annual
